title,median_salary,posting_count
(Us) Software Implementation Consultant - 12 Month Contract - Acute & Payer,76960.0,3
(Us) Software Implementation Consultant - Level 2 - Financial,89000.0,3
(Us) Solutions Analyst - Clinical - 1 Year Contract,58240.0,4
"(Us) Sr. Customer Success Manager, Practice Groups - Value Based Care",124500.0,3
.Net Developer,115000.0,5
03225 Inside Sales,29390.4,4
"Abercrombie & Fitch - Assistant Manager, Somerset North",39520.0,3
Account Coordinator,45760.0,5
Account Director I - Enterprise,98495.0,3
Account Executive,71500.0,73
"Account Executive, Strategic Retail",365750.0,4
Account Manager,81250.0,62
Account Specialist,55000.0,3
Account Specialist I,70000.0,3
Accountant,66750.0,70
Accounting Analyst,68750.0,4
Accounting Assistant,50960.0,9
Accounting Associate,67500.0,5
Accounting Clerk,46630.0,18
Accounting Coordinator,54080.0,5
Accounting Manager,102500.0,67
Accounting Specialist,48880.0,11
Accounting Supervisor,82500.0,9
Accounting Technician,45760.0,3
Accounts Payable Accountant,62500.0,3
Accounts Payable Analyst,61500.0,3
Accounts Payable Clerk,47840.0,5
Accounts Payable Manager,97550.0,8
Accounts Payable Specialist,54080.0,43
Accounts Payable Supervisor,66350.0,4
Accounts Receivable Analyst,60680.0,6
Accounts Receivable Clerk,41600.0,3
Accounts Receivable Manager,79250.0,5
Accounts Receivable Specialist,50480.0,24
Acute Care Rn,128710.40000000001,6
Administrative Assistant,46800.0,127
Administrative Assistant Ii,52143.0,4
Administrative Associate,60000.0,3
Administrative Coordinator,53750.0,18
Administrative Specialist,41760.0,10
Admissions Representative,44720.0,3
Aftermarket Technical Sales Manager,97000.0,4
Air Export Agent,53040.0,3
Analyst,100000.0,7
"Analyst, Vas North America Sales And Commercial Operations",107525.0,4
Analytical Development Scientist,72800.0,3
Android Developer,135200.0,3
Ap Specialist,53040.0,3
App Nurse Anesthetist/Ukhc,156062.4,3
Application Architect,148000.0,3
Application Developer,110427.2,8
Application Engineer,92500.0,11
Application Support Engineer,127500.0,4
Apprentice Technician,96000.0,3
Architect,120200.0,4
Area Coach/Hair Stylist Educator,65000.0,3
Area Leader Trainee,85000.0,5
Area Sales Manager,65000.0,7
Armed Security Officer,37710.4,3
Art Director,120000.0,3
Artificial Intelligence Engineer,176800.0,3
Assembler,37440.0,11
Assembler - 1St Shift,47840.0,4
Assembly Maintenance Technician - 1562244,64428.0,3
Asset Management Analyst,80000.0,3
Assistant Buyer,62400.0,3
Assistant Controller,122500.0,23
Assistant Director,48000.0,4
Assistant Facility Manager,55120.0,3
Assistant General Manager,74500.0,10
Assistant Manager,37440.0,63
Assistant Manager (Full Time),36088.0,11
Assistant Manager Part Time,31200.0,7
Assistant Manager Student Services,83000.0,4
Assistant Project Manager,86250.0,22
Assistant Property Manager,60750.0,8
Assistant Site Manager,39000.0,8
Assistant Store Leader,67500.0,6
Assistant Store Manager,44064.8,43
Assistant Store Manager - Spirit,38521.6,5
Assistant Superintendent,80000.0,5
Assistant Teacher,37960.0,4
Associate,147680.0,5
Associate Attorney,122500.0,33
Associate Banker,45607.5,4
Associate Branch Manager Forward Hire Modesto District,71104.8,3
Associate Branch Manager Forward Hire North Coast District,66809.59999999999,3
Associate Client Success Manager,70000.0,3
Associate Financial Advisor,58233.0,5
Associate Gallery Leader,116500.0,4
"Associate General Counsel, Product (Youth)",265000.0,4
Associate Governmental Program Analyst,76788.0,6
Associate Product Manager,95000.0,3
Associate Project Manager,61000.0,6
Associate Systems Engineer,75920.0,3
Associate Veterinarian,140000.0,19
"Associate, Global Transaction Tax - Multiple Locations Summer 2024",117500.0,4
"Associate, Part Time Sales",31200.0,3
Attendant,33800.0,4
Attorney,112500.0,25
Attorney/Lawyer,130000.0,3
Audio Visual Technician,73500.0,3
Audit Manager,130000.0,10
Audit Manager - 1569589,97500.0,3
Audit Senior,92500.0,4
Auditor,49337.6,7
"Auditor / Lead Auditor – Iso 13485, Mdsap, Mdr 2017/745",130000.0,3
Auto Damage Adjuster,70000.0,4
Auto Detailer,37440.0,13
Auto Glass Installation Technician Trainee,55140.8,32
Auto Physical Damage Desk Appraiser,72500.0,3
Automation Engineer,117700.0,9
Automation Technician,65520.0,3
Automotive Technician,49140.0,16
Avionics Technician,62500.0,3
Azure Data Architect,195000.0,3
B2C-Weekend Shift,34320.0,4
Ba Microsoft D365 Power Factory Solution Architect,126350.0,3
Back End Developer,121929.59999999999,11
Bakery Clerk Part Time,31720.0,6
Bank Business Process Consultant Senior,132060.0,4
Banking Product Support - Deposit Origination Analyst,99405.0,3
Banquet Manager,77000.0,5
Barista,35880.0,4
Bartender,33280.0,3
Beauty Advisor,38480.0,3
Behavior Interventionist,48880.0,4
Behavior Technician,43680.0,23
Behavior Technician (Bt) / Registered Behavior Technician (Rbt),32240.0,3
Behavior Technician - St,43680.0,5
"Behavioral Health Benefits Specialist (Osawatomie,, Ks)",39520.0,3
Behavioral Therapist,58300.0,4
Bench Scientist,76216.4,4
Benefits Coordinator,61200.0,6
Benefits Manager,90130.0,4
Benefits Specialist,70636.8,4
Bereavement Counselor / Social Worker,53684.8,3
Big Data Architect – Fx Trading,161200.0,3
Bilingual Customer Service Representative,39520.0,3
Bilingual Customer Service Specialist (Spanish),35360.0,3
Bilingual Direct Sales Associate,87500.0,3
Bilingual Portuguese Customer Service - At Home,42432.0,4
Bilingual Spanish Medical Assistant San Marcos - #3966,47840.0,3
Bilingual Technical Support Specialist,37440.0,3
Billing Analyst,60160.0,10
Billing Coordinator,82500.0,4
Billing Specialist,49400.0,14
"Bioanalysis Raii/Sra, Dmpk",93600.0,3
Biologist,74880.0,4
Board Certified Behavior Analyst,85000.0,11
Board Certified Behavior Analyst (Bcba),80000.0,27
"Board Certified Behavior Analyst (Bcba) - $10,000 Sign On Bonus",82500.0,3
Body Shop Technician,62400.0,3
Bookkeeper,55120.0,30
Branch Manager,81000.0,17
Branch Office Administrator,48880.0,16
Brand Ambassador,58240.0,7
Brand Manager,130000.0,3
Brand Representative,49920.0,3
Budget Analyst,76788.0,5
"Building Automation Service Sales Manager – Canton, Ma",193420.0,3
Building Engineer,65000.0,3
Buildings Equipment Mechanic,104000.0,3
Business Analyst,99320.0,42
Business Analyst Ii,96720.0,3
Business Analyst Iv,118000.0,3
Business Data Analyst,109200.0,4
Business Development Assistant,55000.0,4
Business Development Associate,73257.75,6
Business Development Executive,60000.0,7
Business Development Intern,36400.0,3
Business Development Manager,104000.0,43
Business Development Representative,60625.0,30
Business Development Specialist,62500.0,8
Business Intelligence Analyst,102500.0,6
Business Intelligence Developer,114300.0,3
Business Process Analyst,79994.5,4
Business Sales Executive,37500.0,3
Business Sales Representative - Solutions Advisor,150000.0,3
Business System Analyst,91520.0,6
Business Systems Analyst,104000.0,5
Buyer,70000.0,14
Cad Designer,68750.0,4
Cad Specialist Ii,75000.0,4
Call Center Representative,21.0,3
Care Coordinator,52000.0,3
Caregiver,39520.0,8
Carpenter,61210.0,4
Case Manager,64000.0,3
Cash Application Specialist,43680.0,3
Cashier,29640.0,19
Cashier (Full-Time & Part-Time Opportunities),23140.0,6
Cashier Associate,30368.0,5
Cashier Part Time,33280.0,7
"Casualty Represented Senior Desk Adjuster, Personal Auto",89000.0,4
Cdl A Local Delivery Truck Driver,61401.6,8
Cdl Class A Driver,79084.0,6
Central Investigations Analyst,167000.0,5
Centrifugal Service Technician,123600.0,4
Certified Medical Assistant,40040.0,4
Certified Medical Coder Iii (Remote),33280.0,4
Certified Nursing Assistant,43118.4,9
Certified Nursing Assistant (Cna),47184.8,31
Certified Nursing Assistant (Cna) - Full-Time All Shifts,49920.0,3
Certified Nursing Assistant (Cna) - Full-Time/Part-Time/Casual All Shifts,57200.0,5
Certified Nursing Assistant (Cna) - Telemetry,39384.8,3
Certified Nursing Asst.,43888.0,3
Certified Veterinary Technician,46800.0,11
Cfo,180000.0,3
Chart Retrieval Specialist,37440.0,5
Chat Support,35360.0,8
Chef De Cuisine,80000.0,3
Chemical Engineer,111244.4,4
Chemist,54080.0,9
Chief Development Officer,140000.0,3
Chief Engineer,85500.0,5
Chief Executive Officer,155000.0,6
Chief Financial Officer,250000.0,19
Chief Of Staff,162500.0,4
Chief Operating Officer,200000.0,9
Chief Revenue Officer / Salesperson,185000.0,3
Chief Technology Officer,215000.0,4
Citizens Banker,41600.0,4
Citizens Teller - Part Time,44127.2,3
Civil Design Engineer,82500.0,3
Civil Engineer,92500.0,15
Civil Project Engineer,95000.0,4
Civil Structural Engineer,107500.0,3
Claims Adjuster Trainee,52750.0,4
Claims Specialist,54000.0,4
Class A Delivery Driver,79040.0,4
Class A Delivery Truck Driver,66872.0,3
Classroom Installer On-Call - Various Locations,41600.0,3
Cleaner,43680.0,3
Clerical Assistant,36275.200000000004,3
Client Consulting Manager,145850.0,4
Client Services Associate,53750.0,8
Client Success Manager,70500.0,4
Clinical Research Coordinator,59800.0,6
"Clinical Services Coordinator, Intermediate",51095.2,3
Clinical Social Worker,112050.0,8
Clinical Specialist,100000.0,5
Clinical Supervisor,87565.0,6
Clinician,64711.0,3
Cloud Architect,163000.0,4
Cloud Domain Architect,286000000.0,3
Cloud Engineer,135100.0,12
Cnc Machinist,59280.0,8
Cnc Machinist - 2Nd Shift,45822.4,6
Cnc Maintenance Mechanic,24000.0,4
Co-Manager,43680.0,3
Coffee Attendant,31163.600000000002,6
Cognitive Performance Specialist,76300.0,7
Collections Specialist,45760.0,5
Collision Estimator,77500.0,4
Commercial Construction Project Manager,109412.5,7
Commercial Insurance Account Manager,75000.0,3
Commercial Lines Account Manager,70000.0,7
Commercial Loan Officer,67500.0,3
Commodity Manager,126460.0,4
Communications Coordinator,55000.0,5
Communications Manager,85000.0,10
Communications Specialist,66560.0,14
Community Association Manager,65000.0,5
Community Engagement Specialist,57500.0,3
Community Health Worker,42640.0,3
Community Manager,67500.0,5
Community Resource Center Specialist Ii,58157.0,3
Compliance Analyst,109200.0,13
Compliance Officer,122300.0,6
Compliance Specialist,71750.0,8
Computer Aided Design Drafter,67600.0,3
Construction Accountant,78750.0,4
Construction Estimator,105000.0,7
Construction Manager,130500.0,19
Construction Project Coordinator,50000.0,3
Construction Project Coordinator Ni Academy,56850.0,5
Construction Project Manager,117500.0,34
Construction Superintendent,120000.0,29
Construction Supervisor,124800.0,3
Contact Center Agent I,41291.0,3
Content Creator,62450.0,4
Content Designer,104000.0,3
Content Manager,137000.0,6
Content Marketing Manager,119975.0,4
Content Producer,80000.0,3
Content Specialist,62400.0,3
Content Writer,64950.0,4
Continuous Improvement Engineer,95000.0,3
Continuous Improvement Manager,123814.0,4
Continuous Improvement Specialist,100000.0,4
Contract Administrator,76500.0,12
Contract Manager,111529.6,6
Contracts Administrator,95000.0,3
Contracts Specialist,74880.0,3
Control Engineer,104000.0,7
Control Panel Technician,46800.0,3
Controller,135000.0,98
Controls Engineer,90760.0,16
Cook,35880.0,19
Cook I,41870.40000000001,4
Cook Ii,46800.0,3
Copywriter,81500.0,8
Corporate Accountant,86250.0,4
Corporate Controller,188750.0,4
Corporate Counsel,165000.0,4
Corporate Paralegal,74940.0,8
Corporate Project Revenue Manager,178539.46,4
Corporate Recruiter,69000.0,3
Cost Accountant,90000.0,12
"Counsel, Ads Legal",199000.0,3
Counter Sales Representative,43680.0,6
Creative Director,177500.0,6
Credentialing Specialist,46233.5,3
Credit Analyst,80000.0,5
Credit Approval Officer,166530.0,3
Critical Infrastructure Technician,81000.0,4
Crm Manager,104000.0,3
Ct Technologist,86273.2,10
Ct Technologist - Radiology,34764.0,3
Custodial Supervisor,53500.0,3
Custodian,32500.0,12
Customer Advocate,34320.0,7
Customer Care Representative,55120.0,3
Customer Contact Representative,51806.5,5
Customer Experience Manager,47500.0,3
Customer Experience Specialist,47840.0,5
Customer Growth Representative,51989.59999999999,3
Customer Service Associate,30160.0,3
Customer Service Lead,33415.2,6
Customer Service Manager,74000.0,10
Customer Service Rep,33280.0,11
Customer Service Representative,40300.0,98
Customer Service Representative Fueler/Washer,50440.0,5
Customer Service Representative/Store Associate,45760.0,6
Customer Service Specialist,52500.0,7
"Customer Service Supervisor, Transplant Diagnostics",88400.0,4
Customer Success Associate,51250.0,4
Customer Success Manager,91500.0,11
Customer Support Engineer,48000.0,3
Customer Support Specialist,53580.799999999996,5
Customs Trade Agent - 1St Shift,32240.0,4
Cyber Security Analyst,99200.0,4
Cyber Security Engineer,145000.0,10
Cyber Security Specialist,105000.0,5
Cybersecurity Engineer,106750.0,4
Damage Field Investigator,50000.0,6
Data Analyst,89440.0,42
Data Architect,155000.0,9
Data Center Technician,84396.0,6
Data Engineer,130000.0,21
Data Engineer - Remote,155000.0,4
Data Engineer Ii,135200.0,4
Data Entry Clerk,35360.0,8
Data Entry Specialist,41600.0,11
Data Entry Specialist - Ap And Ar,35360.0,3
Data Scientist,131000.0,20
Data Scientist Lead – Telematics (Remote),222545.0,3
Data Team Lead,124800.0,3
Database Administrator,115500.0,10
Database Developer,115000.0,4
Datacenter Technician,53372.8,7
Deli Clerk Part Time,32760.0,7
Deli Production Team Member,30003.999999999996,15
Delivery Driver,39520.0,13
Delivery Driver (Non Cdl),43680.0,3
Delivery Specialist,34320.0,14
Delivery Truck Driver - Cdl,55920.799999999996,4
Dental Assistant,42640.0,32
Dental Hygienist,116480.0,15
Dental Hygienist - Choose Your Own Schedule,135200.0,5
Dentist,260000.0,4
Department Manager,44137.6,7
Dermatologist,345543.0,3
Dermatology Nurse Practitioner \ Physician Assistant,257500.0,3
Design Consultant,102500.0,4
Design Engineer,100250.0,12
Design Sales Representative,94000.0,4
Designer,44096.00000000001,9
Desktop Engineer,85000.0,4
Desktop Support Analyst,47500.0,3
Desktop Support Engineer,87880.0,4
Desktop Support Specialist,69680.0,11
Desktop Support Technician,46000.0,9
Desktop Test Engineer,71718.4,4
Developer,126880.0,3
Development Manager,62500.0,6
Deviation Investigator,197600.0,5
Devops Consultant,100000.0,3
Devops Engineer,133120.0,13
Diesel Mechanic,55380.0,12
Diesel Mechanic Technician Class A,49920.0,3
Diesel Technician,65000.0,5
Diesel Technician/Mechanic Iii - Entry Level,55234.399999999994,4
Dietary Aide,32968.0,3
"Digital Content Lead, Relay Product Insights",48450.0,3
Digital Marketing Intern,33280.0,5
Digital Marketing Manager,72500.0,9
Digital Marketing Specialist,77500.0,9
Digital Project Manager,72800.0,5
Direct Support Assistant (Ny Helps),52851.5,6
Direct Support Professional,35484.8,8
Director,72000.0,3
Director Of Accounting,158766.5,9
Director Of Business Development,128750.0,14
Director Of Business Operations,150000.0,3
Director Of Development,121250.0,6
Director Of Engineering,165000.0,4
Director Of Finance,150000.0,6
Director Of Finance And Accounting,200000.0,3
Director Of Financial Planning And Analysis,165000.0,3
Director Of Human Resources,122500.0,8
Director Of Information Technology,180000.0,7
Director Of Maintenance,136000.0,5
Director Of Marketing,123675.0,4
Director Of Nursing,127500.0,5
Director Of Operations,100000.0,13
Director Of Procurement,187500.0,3
Director Of Product Management,155000.0,3
Director Of Sales,123750.0,6
Director Of Sales And Marketing,170000.0,3
"Director, Cmc Regulatory Affairs",221520.0,3
"Director, Community Marketing",195000.0,3
"Director, Managing Director- 401K Relationship Manager",147000.0,4
"Director, Software Engineering",240000.0,3
Distribution Engineer,95000.0,3
District Manager,100000.0,4
District Sales Manager,107500.0,10
Document Reviewer,58240.0,4
Documentation Specialist,72800.0,3
Dotnet Developer,122500.0,9
Driver,38480.0,5
Ecommerce Manager,82500.0,4
Economist / Quantitative Risk Analyst Senior,158855.0,3
Education Specialist,79057.1675,4
Ehs Specialist,65650.0,5
Ehs Specialist (Entry Level - 0-5 Years Experience),70000.0,3
Electrical Assembler,47320.0,6
Electrical Design Engineer,103770.0,6
Electrical Designer,85000.0,8
Electrical Engineer,103500.0,45
Electrical Engineering Manager,115000.0,5
Electrical Estimator,115000.0,6
Electrical Project Manager,130000.0,3
Electrical Technician,72800.0,4
Electrician,63440.0,11
Electronic Repair Technician,49920.0,3
Embedded Engineer,90000.0,3
Embedded Software Engineer,140400.0,7
Emergency Room Nurse,99840.0,3
Emergency Veterinarian,190000.0,3
Employee Relations Specialist,87500.0,3
Employee Service Representative,39520.0,3
Engagement Manager,120250.0,4
Engineer,105432.75,6
Engineer Iv - Voice Services,130366.5,3
Engineering Manager,182683.0,8
Engineering Project Manager,110824.5,4
Enterprise Account Executive,125000.0,4
Enterprise Account Manager,139175.0,4
Enterprise Consulting Sales,125000.0,4
"Enterprise Field Sales Representative, Google Cloud",137000.0,3
Entry Level Account Executive,50000.0,3
Entry Level Digital Media Planner,40019.2,3
Entry Level Management,115000.0,3
"Environment, Health And Safety Manager",108680.0,5
Environmental Engineer,84150.0,3
Environmental Health Safety Specialist,92028.0,8
Environmental Project Manager,85000.0,5
Environmental Specialist,62400.0,3
Epic Beaker Analyst,77500.0,3
Epm Financial Analyst I,93887.5,3
Equipment Engineer,105000.0,5
Equipment Operator,66560.0,3
Equipment Sales Specialist,100000.0,3
Estimator,95500.0,14
Estimator - Commercial Construction,92500.0,3
Event Coordinator,50960.0,9
Event Manager,80250.0,6
Event Marketing Specialist,67412.79999999999,3
Event Planner,51250.0,3
Event Project Manager,82500.0,3
Executive Administrative Assistant,65000.0,20
Executive Assistant,80000.0,97
Executive Assistant / Office Manager,100000.0,3
Executive Assistant Office Manager,85000.0,5
Executive Assistant To Chief Executive Officer,80500.0,4
Executive Chef,105000.0,7
Executive Chef - 1927639,82500.0,3
Executive Director,93750.0,10
"Executive Mixed Reality Producer, Entertainment Experiences",221000.0,4
Executive Personal Assistant,60000.0,3
Executive Sous Chef,82500.0,6
Experienced Life And Annuity Actuary - Remote,201215.0,4
Fabrication Technician 2,44400.0,3
Fabricator - 1908504,80537.59999999999,4
Facilities Coordinator,59500.0,6
Facilities Manager,88147.5425,12
Facilities Supervisor,62909.59999999999,3
Family Law Attorney,155000.0,10
Family Law Paralegal,58000.0,4
Family Medicine Physician - Sign-On Bonus Available,260000.0,3
Family Nurse Practitioner,141550.0,4
Family Physician,220000.0,8
"Family Practice-Without Ob Physician - $/Yearly - $315,000/Yearly",315000.0,3
Federal Tax Associate (Fall 2025/Winter 2026),72000.0,3
Field Data Collector - Mcbs,41080.0,3
Field Installation Technician,82500.0,3
Field Marketing Manager,105000.0,4
Field Sales And Marketing Representative,52000.0,3
Field Sales Representative,75000.0,6
Field Service Manager,105000.0,3
Field Service Representative,40560.0,3
Field Service Specialist,49483.2,3
Field Service Technician,58078.8,20
Field Services Engineer,75000.0,3
Field Supervision Director - Annuity,93587.5,4
Field Technician,41600.0,15
Finance Administrator,51656.8,3
Finance Director,104000.0,3
Finance Manager,115000.0,23
Financial Advisor,80012.5,20
Financial Aid Specialist,32572.8,3
Financial Analyst,82500.0,53
Financial Analyst Ii,80000.0,3
Financial Controller,145000.0,23
Financial Director,150800.0,3
Financial Planning Analyst,120640.0,5
Financial Planning And Analysis Manager,126250.0,6
Financial Reporting Manager,125000.0,3
Financial Services Professional,51500.0,7
Financial Services Representative,59000.0,4
Financial Specialist,39400.0,3
Financial Systems Analyst,96000.0,3
Finish Blade Operator,67912.0,4
Fire Sprinkler Designer,97500.0,3
Firewall Engineer,127920.0,3
Fleet Manager,115300.0,4
Food And Beverage Manager,70000.0,3
Food Service Technician I,31200.0,3
Food Service Worker,33280.0,4
Forklift Operator,41080.0,13
Forklift Operator I,38740.0,8
Forklift Operator Ii,42328.0,4
Fp&A Manager,135000.0,3
Front Desk Agent,39020.799999999996,10
Front Desk Receptionist,41600.0,11
Front Desk Supervisor,42640.0,5
Front End Entry Level,39395.200000000004,5
Front Office Manager,76500.0,5
Frontend Developer,130000.0,5
Ft Customer Support Specialist (Work From Home),35360.0,3
Full Charge Bookkeeper,64740.0,6
Full Stack Developer,139900.0,7
Full Stack Engineer,149500.0,20
Full Stack Software Engineer,135000.0,3
Full Time - Head Cashier - Day,37128.0,3
Full Time - Receiver/Stocker - Day,32063.199999999997,3
Full Time - Receiver/Stocker - Overnight,31278.0,4
Full Time Nabisco Merchandiser/Order Writer,38480.0,4
Full-Time Assistant Store Manager,50960.0,7
Full-Time Merchandiser,41600.0,3
Full-Time Store Associate,36400.0,9
Full-Time Store Manager Trainee,58760.0,4
"Full-Time Store Manager Trainee,",57200.0,3
Fund Controller,122500.0,3
Game Sourcing Lead - Oculus,191000.0,4
Gc Retail Instructor Store 229,46248.799999999996,4
General Dentist,225000.0,4
General Laborer,38480.0,6
General Ledger Accountant,62500.0,3
General Manager,80750.0,60
General Manager Foodservice - 1841313,130000.0,3
Geographic Information System Specialist,72800.0,5
Geographic Information Systems Analyst,56500.0,3
Geotechnical Dam Safety Engineer,97500.0,3
Global Account Manager,55000.0,4
Grant Accountant,60000.0,3
Grant Writer,52083.2,3
Graphic Designer,66560.0,25
Grill Cook - Corporate Dining,35724.0,4
Groomer,39000.0,3
Grounds Maintenance Laborer,47756.8,3
Groundskeeper,37960.0,4
Group Fitness Instructor,75920.0,3
Growth Marketing Manager (New Business) - Full Time - Hybrid,105375.0,3
H&M Retail Sales Associate,25480.0,5
H&M Sales Associate,32240.0,7
H&M Store Manager,75744.5,5
Hardware Design Engineer,123650.0,4
Head Of Actuary (Remote),171000.0,3
Head Of Foundational Hosting Infrastructure Technology Executive,383900.0,3
Head Of People Operations - Us&C,181000.0,3
Head Of Sales,218750.0,10
Healthcare Account Executive,52500.0,5
Heat Treat Manager,111000.0,3
Heat Treat Operator,49389.6,4
Heat Treater C,39520.0,3
Heating Air Conditioning Technician,60320.0,3
"Heating, Ventilation, And Air Conditioning Manager",95000.0,3
Heavy Assembler,38480.0,4
Heavy Equipment Mechanic,68328.0,5
Help Desk Analyst,59280.0,3
Help Desk Specialist,56680.0,8
Help Desk Support Specialist,57200.0,3
Help Desk Technician,45360.0,10
High School Math Teacher,77539.0,3
Hiring Now: Remote Telesales Agents,47840.0,3
Home Care Aide,33280.0,4
Hospitality Aide,26624.0,3
House Attendant,31200.0,3
Housekeeper,38480.0,17
Housekeeping Assistant,36400.0,3
Hr Business Partner,91000.0,3
Hr Generalist,115500.0,5
Hr Manager,102500.0,6
Human Resource Generalist,74000.5,3
Human Resources & Equity Director,180435.5,3
Human Resources Administrator,58240.0,5
Human Resources Assistant,45760.0,11
Human Resources Business Partner,90500.0,18
Human Resources Coordinator,57350.0,20
Human Resources Director,122500.0,15
Human Resources Generalist,69750.0,46
Human Resources Manager,100000.0,40
Human Resources Specialist,63500.0,10
Hvac Installer,62400.0,3
Hvac Mechanic Ii,77634.5,3
Iam Engineer,130000.0,3
Immigration Attorney,95575.0,4
Implementation Manager,105000.0,3
In-Home Designer,70000.0,4
In-House Counsel,112777.5,3
In-Store Shopper - Part Time Seasonal,39728.0,3
Income Tax And Audit Representative,75000.0,3
Industrial Electrician,63648.0,7
Industrial Electrician - 1822684,67464.8,4
Industrial Engineer,99840.0,8
Industrial Maintenance Technician,59800.0,8
Industry Sales Executive,87300.0,3
Information Security Analyst,75750.0,3
Information Security Engineer,147000.0,7
Information Technology Associate,77334.0,3
Information Technology Manager,125000.0,5
Information Technology Program Manager,187200.0,3
Information Technology Project Coordinator,88400.0,3
Information Technology Project Manager,115000.0,7
Information Technology Specialist I,96426.0,3
Information Technology Support Specialist,60840.0,6
Information Technology Support Technician,40000.0,5
Information Technology System Administrator,33.0,3
Information Technology Technician,61880.0,4
Infrastructure Engineer (Data),142500.0,3
Infrastructure Manager,140000.0,3
Inside Sales Associate Cosmoprof 06062,31200.0,3
Inside Sales Representative,59120.0,42
Inside Sales Specialist,55000.0,8
Inside Sr. Property Adjuster,82705.0,3
Inside Unlicensed Sales Agent,59400.0,3
Installation Technician,50960.0,5
Instructional Designer,70200.0,6
Insurance Agent,70000.0,6
Insurance Defense Attorney,160000.0,7
Insurance Sales Agent,60000.0,3
Intake Coordinator,45760.0,3
Integrated Marketing Manager,99840.0,3
"Integrated Mental Health Provider, Disordered Eating Emphasis",60000.0,3
Intelligence Research Specialist,92262.75,4
Interior Designer,62250.0,6
Intern,38480.0,4
Internal Audit Manager,120000.0,3
Internal Auditor,100880.0,3
Internal Investigator 1 Opwdd,70885.5,4
Inventory Analyst,50003.2,3
Inventory Control Clerk,40560.0,5
Inventory Control Coordinator,65790.4,3
Inventory Control Specialist,41288.0,6
Inventory Specialist,47086.0,4
Investigator,90000.0,3
Investment Associate,110000.0,5
Investment Banking Analyst,107500.0,3
Investment Banking Associate,187500.0,5
Isso Grc Risk Management Intelligence Lead,210000.0,4
It Business Analyst,109200.0,5
It Manager,130000.0,3
It Support Specialist,47500.0,6
It Support Technician,60000.0,3
Janitor,35984.0,7
Janitorial Maintenance,32073.600000000002,6
Java Architect,145000.0,5
Java Developer,158000.0,10
Java Software Engineer,140400.0,3
Java/Web Services Engineer,107500.0,4
Jewelry Sales Consultant,48880.0,4
Junior Account Executive,66250.0,10
Junior Accountant,55000.0,3
Junior Analyst,50000.0,3
Junior Employee Support Specialist,46425.6,3
Junior Estimator,65000.0,3
Junior Groomer,30160.0,5
Kennel Assistant,29120.0,4
Key Account Manager,83750.0,6
Keyholder,38677.6,3
Kitchen Manager,63500.0,4
Lab Technician,44720.0,4
Labor & Employment Attorney,157500.0,3
Labor And Employment Attorney,240000.0,10
Laboratory Assistant,38300.0,4
Laboratory Operations Manager,130000.0,3
Laboratory Supervisor,77500.0,4
Laboratory Technician,50122.8,16
Laborer,37440.0,3
Lead,42640.0,4
Lead Cashier,40040.0,5
Lead Community Resource Center,87342.0,3
Lead Customer Service Associate,31200.0,8
Lead Data Engineer,156000.0,5
Lead Machine Learning Engineer,174500.0,3
Lead Piercer,62400.0,4
Lead Project Control Analyst,109125.0,4
Lead Rail Sales Representative,194500.0,4
Lead Ruby On Rails Engineer,170000.0,3
Lead Sales Associate,34320.0,12
Lead Software Engineer,167500.0,8
Lead Soucing Management,126350.0,3
Lead Teacher,39000.0,4
Lead Toddler Teacher,37440.0,3
Leasing Agent,59120.0,4
Leave Administration Manager,110000.0,3
Legal Administrative Assistant,71190.0,8
Legal Administrator,85000.0,3
Legal Analyst (Mid-Level) P&C Insurance,108020.0,3
Legal Assistant,60000.0,19
Legal Assistant (Management Analyst I),46716.8,4
Legal Billing Specialist,69000.0,4
Legal Contracts Negotiator,150623.2,3
Legal Secretary,65000.0,7
"Level Ii Technician, Field",62400.0,3
Licensed Clinical Social Worker,99900.0,4
Licensed Insurance Agent,51500.0,3
Licensed Mental Health Counselor,182000.0,8
Licensed Mental Health Therapist,178880.0,10
Licensed Physical Therapist Assistant,66560.0,3
Licensed Practical Nurse,64480.0,20
Licensed Practical Nurse (Lpn),65884.0,16
Licensed Practical Nurse (Ny Helps),55578.0,6
Licensed Practical Nurse - Full-Time All Shifts,69160.0,4
Licensed Practical Nurse - Home Care,12000.0,3
Licensed Psychologist,130100.0,10
Licensed Talk Therapist,112200.0,7
Licensed Veterinary Technician,54080.0,11
Licensed Vocational Nurse (Lvn) - Telemetry,63658.4,3
Licensed Vocational Nurse - Nursing Admin,68307.20000000001,3
Lifecycle Marketing Manager,146382.5,4
Lifeguard,33280.0,3
Line Attendant,35880.0,3
Line Cook,39520.0,7
Linux System Administrator,137490.0,4
Litigation Associate,146250.0,16
Litigation Attorney,150000.0,10
Litigation Legal Assistant,77500.0,3
Litigation Paralegal,70000.0,17
Litigation Specialist,62000.0,3
Loan Specialist,41000.0,3
Logistics Coordinator,52500.0,7
Logistics Manager,218400.0,3
Logistics Specialist,55000.0,4
Lpn,67600.0,3
Lpn - Home Health,68816.8,5
Lpn - Nurse Residency Program,58760.0,4
Lpn Licensed Practical Nurse,72800.0,15
Lpn Licensed Practical Nurse $3000 Sign On,64480.0,4
"Lpn, Home Health Full Time",53825.0,6
Machine Learning Engineer,176800.0,7
Machine Operator,35880.0,11
Machine Operator 2Nd Shift,42640.0,3
Mainframe Developer,119600.0,6
Maintenance Assistant,42640.0,4
Maintenance Electrician,67600.0,3
Maintenance Engineer,87500.0,5
Maintenance Manager,107500.0,21
Maintenance Mechanic,62400.0,16
Maintenance Planner,70720.0,5
Maintenance Supervisor,90000.0,13
Maintenance Tech,52000.0,3
Maintenance Technician,57200.0,41
Maintenance Technician I,51875.200000000004,3
Maintenance Technician Ii,67537.6,6
Maintenance Technician Iii,79424.8,4
Major Gifts Officer,70000.0,3
Mammography Technologist,127400.0,4
Management Trainee,57000.0,3
Manager,88750.0,4
Manager Solutions Architect,133500.0,3
"Manager, Product Marketing",136200.0,5
Manual Machinist,60320.0,3
Manufacturing Associate,48110.4,7
Manufacturing Engineer,94162.8,34
Manufacturing Engineering Manager,138750.0,4
Manufacturing Manager,122275.0,3
Manufacturing Process Engineer,78000.0,3
Manufacturing Supervisor,97760.0,3
Manufacturing Technician,56160.0,10
Market Development Manager,121900.0,6
Market Development Manager - Hematology/Oncology,125000.0,3
Marketing Analyst,89300.0,6
Marketing Assistant,57250.0,6
Marketing Associate,69750.0,4
Marketing Communications Specialist,75680.0,4
Marketing Coordinator,55000.0,23
Marketing Director,180500.0,7
Marketing Intern,41600.0,12
Marketing Manager,88250.0,26
Marketing Project Manager,87020.0,8
Marketing Representative,55000.0,3
Marketing Specialist,52980.0,10
Material Engineer,63440.0,3
Material Handler,40000.0,33
Material Handler - 1St Shift,40560.0,4
Material Handler I,41400.0,3
Materials Coordinator,67600.0,3
Materials Manager,125000.0,5
Mechanic,50960.0,5
Mechanical Assembler,40040.0,8
Mechanical Design Engineer,100000.0,9
Mechanical Engineer,93750.0,22
Mechanical Engineer Iii,115000.0,3
Mechanical Engineering Intern,54080.0,3
Medical Assistant,45832.8,29
Medical Biller,45760.0,5
Medical Coder,69680.0,4
Medical Device Sales Representative,60000.0,5
Medical Director,225000.0,6
Medical Doctor,264249.5,4
Medical Laboratory Scientist,68640.0,3
Medical Laboratory Technologist,71942.0,6
Medical Office Admin Support,43680.0,4
Medical Practice Manager,87000.0,3
Medical Receptionist,43680.0,14
Medical Sales Representative,135000.0,7
Medical Social Worker Ii,118216.79999999999,3
Medical Surgical Nurse,124390.0,4
Mental Health Counselor,104000.0,4
Mental Health Therapist,81089.035,7
Merchandise Manager,45032.0,3
Merchandiser,41288.0,23
Merchandiser (Union) - Seasonal,44886.399999999994,3
Microbiologist,64771.200000000004,3
Mig Welder,41600.0,4
Migration Architect,150800.0,3
Millwright Journeyman,71718.4,4
Mission Ambition 5.8.24,50575.2,3
Mobile Lab Learning Facilitator,35100.0,3
Mortgage Loan Officer,125000.0,6
Mortgage Loan Originator,48500.0,3
"Mri Tech, Marinhealth Imaging, Full-Time, Days",141232.0,3
Mri Technologist,108880.0,5
Multi-Craft Maintenance Tech Casting,65863.2,4
Nanny,110000.0,3
National Account Manager,52500.0,6
National Sales Manager,95000.0,3
Netsuite Administrator,112500.0,4
Network Administrator,67500.0,3
Network Engineer,113500.0,23
Network Security Engineer,135200.0,3
Nuclear Medicine Technologist,110760.0,6
Nurse - Rn - Med Surg Tele,30216.0,3
Nurse Clinical/Ukhc,64844.0,4
Nurse Practitioner,112500.0,23
Nursing Care Technician/Ukhc,42660.799999999996,3
Nursing Manager,103350.0,4
Nursing Supervisor,93600.0,5
Occupational Therapist,103178.4,14
Ocu-Technical-Mechanical Engineering Technician-4X10Pm,65520.0,3
Office Administrator,52000.0,15
Office Assistant,37887.2,14
Office Coordinator,52500.0,14
Office Manager,59490.15,28
Official Data Collector,57200.0,3
Onboarding Specialist,39260.0,4
Operations Analyst,71670.0,6
Operations Assistant,45500.0,4
Operations Associate,46800.0,7
Operations Coordinator,47840.0,12
Operations Manager,72500.0,43
Operations Service Manager,60320.0,3
Operations Specialist,43243.2,5
Operations Supervisor,67500.0,10
Operations Technician,52000.0,3
Operator,78000.0,4
Optometrist,120000.0,3
Oracle Database Administrator,136240.0,3
Oral Surgeon,625000.0,7
Order Selector,43680.0,3
Outbound Member Engagement Scheduling Coordinator - Okc - Remote,31200.0,3
Outside Sales Account Manager,76250.0,4
Outside Sales Executive,61250.0,4
Outside Sales Representative,79000.0,44
Overnight Stock Clerk Full Time,34320.0,3
Package Handler (Warehouse Like),38324.0,8
Package Handler - Part & Full Time (Warehouse Like),43160.0,4
Package Handler - Part Time (Warehouse Like),36504.0,53
Packaging Engineer,83200.0,7
Packaging Operator,42120.0,3
Paid Social Manager,102500.0,3
Paralegal,65000.0,35
Part Time Customer Service Associate,28080.0,7
Part Time Licensed Talk Therapist,61150.0,6
Part Time Sales Associate,36400.0,3
Part Time Sales Associate- Calvin Klein,36764.0,4
Part-Time Assistant Manager - Famous Footwear,38583.99999999999,4
Part-Time Beauty Advisor - Sephora,28496.0,3
Part-Time Nabisco Retail Merchandiser,31200.0,6
Part-Time Retail Sales Associate,29640.0,4
Part-Time Sales Associate - Famous Footwear,35776.0,5
Part-Time Store Cashier/Stocker,35360.0,10
Part-Time Store Clerk,30752.8,3
"Partner (& Groups W/ Portable Business For Top Biglaw Firm - Corporate, Litigation, Intellectual Property , Real Estate, Labor & Employment, Government Contracts, Healthcare, Trusts And Estates / Tax)",925000.0,3
"Partner Operations Manager, Prime Video",87800.0,3
Partnership Executive,135000.0,4
Patent Attorney,200000.0,7
Patient Access Specialist,41579.200000000004,3
Patient Care Coordinator,43680.0,10
Patient Care Tech I,53040.0,3
Patient Care Technician,56160.0,4
Patient Care Technician (Pct),37440.0,4
Patient Coordinator,38927.2,6
Patient Service Representative,41069.6,5
Payroll Accountant,65000.0,3
Payroll Administrator,59440.0,4
Payroll Analyst,75000.0,5
Payroll Associate,50960.0,3
Payroll Clerk,50440.0,4
Payroll Coordinator,52500.0,3
Payroll Manager,103250.0,6
Payroll Specialist,63440.0,33
Payroll Tax Specialist,82500.0,3
Pediatric Dentist,250000.0,4
Pediatric Occupational Therapist,114400.0,3
Pediatric Speech Language Pathologist,106860.0,3
People Experience Expert Level Ii,64500.0,4
People Operations Manager,120000.0,3
Pepi Manager - It M&A (Open To All Us Locations),157500.0,4
Personal Assistant,114400.0,6
Personal Banker Iii - Assistant Manager,55120.0,3
Personal Injury Attorney,133000.0,5
Personal Injury Litigator,150000.0,3
Personal Injury Paralegal,95000.0,3
Personal Lines Account Manager,55000.0,3
Personal Lines Underwriter,68640.0,3
Personal Trainer,47320.0,6
Pest Control Technician,66000.0,9
Pharmacist,126880.0,5
Pharmacist (Full Or Part Time),131872.0,3
Pharmacist (Staff),130520.0,3
Pharmacy Technician,41600.0,17
Pharmacy Technician & Technician Trainee,34320.0,3
Pharmacy Technician - Ca,43160.0,3
Phlebotomist,42640.0,29
Phlebotomy,50887.2,3
Physical Therapist,94600.0,35
"Physical Therapist - Mobile Outpatient, Paid Daily",152880.0,3
Physical Therapist Assistant,53460.0,8
Physical Therapist Prn,106860.0,3
"Physical Therapist, Home Health Full Time",100450.0,3
Physician,208609.5,4
Physician Assistant,137500.0,11
Physician Assistant (Pa) Or Nurse Practitioner (Np),145600.0,4
Physician Assistant Certified,135000.0,3
Physician Assistant Full Time,141729.12,3
Planner,80000.0,3
Planning Associate (Leadership Fast-Track Program),105000.0,4
Plant Controller,122500.0,4
Plant Manager,146650.0,14
Plant Operations Manager,155000.0,3
Plumber,60320.0,4
Police Officer,86314.8,4
Portfolio Manager,126400.0,4
Power Bi Developer,133120.0,3
Practice Manager,68700.0,3
Preschool Center Director,70000.0,3
Press Operator,44720.0,3
Prestige Beauty Advisor,38480.0,4
Primary Care Physician,225000.0,10
Principal Design Director,235500.0,3
Principal Electrical Engineer,132548.5,4
Principal Engineer,192500.0,5
Principal Product Manager,211300.0,3
Principal Software Engineer,199825.0,10
"Principal, Technology Strategy",190000.0,5
Privacy Engineer,142204.4,4
Private Wealth Client Associate,62400.0,3
Process Engineer,93750.0,16
Process Improvement Consultant,57.5,3
Process Technician,54080.0,3
Procurement Manager,101295.75,8
Procurement Specialist,81094.4,14
Procurement Support Specialist,55120.0,3
Producer,99828.0,4
Product Analyst,73740.0,4
Product Designer,127000.0,8
Product Development Engineer,97500.0,3
Product Engineer,77500.0,3
Product Manager,120800.0,30
Product Marketing Manager,135000.0,11
Product Marketing Specialist,93750.0,6
Product Owner,121360.0,8
Product Success Manager (For Product Managers Who Want To Guide Other Product Teams),115000.0,4
Product Success Specialist (For Product Managers Who Want To Guide Other Product Teams),80000.0,3
Production Associate,42317.6,8
Production Coordinator,62500.0,3
Production Engineer,214250.0,4
Production Manager,88000.0,13
Production Operator,40580.8,10
Production Operator - 1872963,42910.4,4
Production Planner,58240.0,4
Production Scheduler,57500.0,3
Production Supervisor,72500.0,21
Production Team Member,44314.399999999994,4
Production Worker,36738.0,6
Program Administrator,117500.0,4
Program Analyst,92500.0,3
Program Assistant,52500.0,5
Program Associate,50572.34,3
Program Coordinator,38480.0,9
Program Director,50500.0,3
Program Manager,132600.0,32
"Program Manager, Business Strategy & Planning, Supplier Strategy",141000.0,3
"Program Manager, Client Consulting, Vca Risk Practice",152150.0,3
"Program Manager, Ip Operations",118000.0,3
Program Therapist Full-Time,54080.0,3
Project Accountant,80000.0,9
Project Analyst,75400.0,6
Project Architect,95000.0,7
Project Assistant,72500.0,3
Project Coordinator,67600.0,13
Project Director,135000.0,6
Project Engineer,93750.0,32
Project Estimator,86800.0,4
Project Manager,112410.0,124
"Project Manager, Product Data Operations",142000.0,4
Project Specialist,63440.0,3
Property Accountant,76250.0,6
Property Manager,80000.0,7
Proposal Manager,111550.0,8
Psychiatric Nurse Practitioner,136250.0,4
Psychiatrist,334948.5,8
Psychologist,113338.25,4
Psychotherapist,70000.0,3
Pt,118000.0,3
Pt Deli Sales Associate,45552.0,5
Pt Produce Sales Associate,38272.0,3
Pt Sales Associate,32240.0,10
Public Figure Protection / Executive Protection Team Lead,72500.0,3
Public Safety Officer,46872.8,4
Purchasing Assistant,57500.0,3
Purchasing Clerk,49920.0,3
Purchasing Coordinator,46000.0,3
Purchasing Manager,92500.0,3
Python Developer,135200.0,9
Qa Lead,60320.0,3
Qa Tester,59280.0,3
Qc Lead Technician,66560.0,3
Quality Analyst,83200.0,3
Quality Assurance Engineer,102500.0,9
Quality Assurance Manager,100000.0,9
Quality Assurance Rn *Remote*,132548.0,4
Quality Assurance Specialist,62500.0,13
Quality Assurance Supervisor,66250.0,4
Quality Auditor,66185.6,3
Quality Control Inspector,47060.0,6
Quality Control Technician,62485.0,4
Quality Engineer,90000.0,34
Quality Inspector,72800.0,9
Quality Management Specialist,88400.0,3
Quality Manager,120000.0,5
Quality Technician,45760.0,7
Quality Technician I,40622.4,3
Quantitative Researcher,687500.0,4
Radiologic Technologist,93600.0,9
Radiologic Technologist (X-Ray),62400.0,3
Radiology Technician,57200.0,3
Radiology Technologist,69000.0,7
"Ready Mix Driver, Altaview - Kilgore",59664.8,3
Real Estate Acquisitions Analyst,150000.0,3
Real Estate Attorney,165000.0,5
Real Estate Manager,118750.0,3
Real Estate Sales Agent,187500.0,3
Real Id Specialist (Limited Duration),51702.0,3
Receptionist,42120.0,24
Recreation Aid Nf-01,16.34,3
Recruiter,57200.0,23
Recruiting Coordinator,43680.0,3
Recruitment Coordinator,57500.0,5
Recruitment Specialist,80000.0,3
Regional Account Manager,37500.0,6
Regional Controller,140000.0,3
Regional Manager,62500.0,4
Regional Property Manager,120000.0,3
Regional Sales Director,197500.0,3
Regional Sales Executive,94500.0,3
Regional Sales Manager,101250.0,20
Registered Behavior Technician,43940.0,12
Registered Client Care Srvcs Rep - Remote,53352.0,3
Registered Client Service Associate,63450.0,5
Registered Dental Hygienist,114400.0,10
Registered Dental Hygienist - $55-$60/Hour,119600.0,3
Registered Dietitian,76960.0,8
Registered Nurse,94057.59999999999,63
Registered Nurse (Rn),78364.0,14
Registered Nurse (Rn) - Full-Time All Shifts,98800.0,6
Registered Nurse (Rn) - Full-Time/Part-Time 1St Shift,93600.0,4
Registered Nurse - 1755724,110000.0,4
Registered Nurse - 1761700,121680.0,4
Registered Nurse - Emergency Department,120931.2,3
Registered Nurse - Medical / Surgical,117303.16,3
Registered Nurse - Medsurg / Telemetry,117303.16,3
Registered Nurse - Rn - Ltac,24000.0,5
Registered Nurse - Rn - Medical Surgical,118560.0,13
Registered Nurse - Rn - Rehab,104520.0,8
Registered Nurse - Rn - Skilled Nursing Facility,95680.0,13
Registered Nurse - Rn - Unit Manager,30000.0,3
Registered Nurse 1 (Ny Helps),98292.5,7
Registered Nurse Med /Surg Unit,70720.0,5
"Registered Nurse, Rn - Ccu (Cvicu) (1-Year Acute Care Exp Req)",102554.4,3
"Registered Nurse, Rn- Telemetry (New Grads Welcome)",99018.40000000001,4
Registered Veterinary Technician,53040.0,4
Regulatory Affairs Associate,45000.0,3
Regulatory Affairs Specialist,85627.5,6
Regulatory Specialist,100150.0,3
Relationship Banker,46540.0,6
Relief Veterinarian,268320.0,6
Remote Customer Service Representative,38480.0,6
Remote Licensed Clinical Psychologist,174720.0,3
Remote Licensed Mental Health Counselor,187200.0,11
Representative,91875.0,3
Research And Development Technician,41600.0,3
Research Assistant,60251.21,6
Research Associate,60000.0,5
Research Associate Ii,70720.0,3
Research Engineer,182000.0,3
Research Specialist,46695.600000000006,4
Resident Assistant,46228.0,6
Resident District Manager,115500.0,3
Resident Engineer,152500.0,3
Residential Specialist,33914.4,3
Residential Support Counselor,39520.0,3
Respiratory Therapist,93797.59999999999,7
Restaurant Business Consulting - Operations Associate (Sept 2024 Start),75000.0,4
Restaurant Crewmember,30680.0,4
Restaurant General Manager,80000.0,6
Restaurant Host - Hostess,31200.0,4
Restaurant Manager,62500.0,17
Restaurant Manager - Pathway To $100K,65520.0,3
Retail Associate,39520.0,5
Retail Associates,28080.0,3
Retail Front End Supervisor,31200.0,3
Retail General Manager,63367.54,3
Retail Management Intern,36400.0,3
Retail Merchandiser - Electronics - Part Time,37440.0,8
Retail Sales And Store Support,39395.200000000004,3
Retail Sales Associate,33280.0,47
Retail Sales Manager,58094.4,4
Retail Sales Supervisor,39520.0,7
Retail Sales – Part Time,35724.0,5
Retail Salesperson,39000.0,3
Retail Stocking Associate,34580.0,18
Retail Stocking Supervisor,39104.0,11
Retail Stocking Team Lead,34590.4,3
Retail Stocking Team Supervisor,35360.0,5
Retail Store Manager,78142.5,4
Retail Supervisor,45760.0,3
"Retail, Sales Associate T",39988.0,4
"Retail, Team Lead Sales",43992.0,3
Retirement Benefits Coordinator,70000.0,3
Revenue Accounting Manager,105000.0,3
Revenue Cycle Manager,100000.0,3
Revenue Manager,115000.0,3
Rightangle Crtm Developer,165000.0,4
Risk Manager,178000.0,7
Rn - Home Health,125309.6,5
Rn - Icu,117343.19999999998,3
Rn - Medical Surgical,139713.6,3
"Rn Clinical Manager, Home Health",95525.0,6
Rn Registered Nurse,91384.8,4
Rotary Assembler - 1St Shift,111280.0,4
Route Sales Representative,46592.0,3
Route Service Delivery Driver Cdl,63605.0,3
Safety Coordinator,80000.0,3
Safety Manager,102500.0,5
Sales Account Executive,57500.0,12
Sales Account Manager,95000.0,7
Sales Advisor - Intel Computers,35360.0,3
Sales Agent,121250.0,6
Sales Analyst,64480.0,3
Sales And Marketing Representative,52000.0,4
Sales And Operations Management Trainee,52000.0,8
Sales Application Engineer,85000.0,3
Sales Assistant,55000.0,8
Sales Assistant Manager,39520.0,3
Sales Associate,33540.0,44
Sales Associate - Spirit,32645.6,4
Sales Associate - Valley Pool & Spa - Seasonal,27560.0,3
Sales Associate Part Time - Tommy Hilfiger,32240.0,3
Sales Consultant,102500.0,20
Sales Coordinator,52875.0,8
Sales Development Representative,59000.0,30
Sales Development Representative (Sdr),100000.0,3
Sales Development Specialist,97500.0,4
Sales Director,137500.0,13
Sales Engineer,110000.0,9
Sales Executive,80000.0,26
Sales Intern,41600.0,3
Sales Lead,33384.0,7
Sales Manager,105000.0,36
"Sales Manager, New York, Ny",110000.0,3
Sales Operations Analyst,70000.0,5
Sales Operations Manager,131812.5,4
Sales Professional,85000.0,7
Sales Representative,65000.0,47
"Sales Representative, Residential Repaint",3794778.0,3
Sales Specialist,60000.0,9
Sales Support Representative,52124.8,3
Sales Support Specialist,67600.0,5
Salesforce Administrator,81250.0,4
Salesforce Developer,133120.0,4
Salesforce Project Manager - Remote,115000.0,4
Salesperson,50960.0,7
Sanitation Associate,39374.4,3
Sap Project Manager,156000.0,3
School Psychologist,93375.0,4
Scooter Deployment Driver,39520.0,3
Scrum Master,110247.5,6
Search Engine Optimization Manager,81700.0,4
Seasonal Auto Glass Repair Specialist,37440.0,3
Seasonal Housekeeper,49920.0,11
Seasonal Package Delivery Driver,47840.0,4
Seasonal Piecework Housekeeper,110760.0,14
Seasonal Property Caretaker,37440.0,3
Seasonal Repair Specialist,39520.0,4
Seasonal Sales Associate,35620.0,8
Security Architect,182500.0,3
Security Engineer,135000.0,7
Security Officer,35100.0,8
Security Operations Center Analyst,84240.0,3
Security Specialist,70000.0,9
Senior Account Executive,108750.0,18
Senior Account Manager,95000.0,6
Senior Accountant,90000.0,144
Senior Accountant - Hq Of Large Manufacturer Offering Continued Career Growth - Hemphill Exclusive!,78250.0,4
Senior Accountant / Accounting Manager,115000.0,4
Senior Accounting Manager,150000.0,13
Senior Actuarial Consultant,125250.0,3
Senior Administrative Assistant,62000.399999999994,4
Senior Ai Deep Learning Engineer - Remote,147424.0,3
Senior Analyst,85000.0,5
Senior Application Security Engineer,199680.0,5
Senior Art Director,101500.0,3
Senior Associate,113862.5,4
"Senior Associate, International Tax",95000.0,4
Senior Auditor,93750.0,6
Senior Auditor - Regulatory Compliance,96135.0,3
Senior Business Analyst,121200.0,14
Senior Business Intelligence Developer,135000.0,5
Senior Business Systems Analyst,112500.0,3
Senior Buyer,82500.0,7
Senior Civil Engineer,160150.0,8
Senior Compensation Analyst,116823.2,4
Senior Construction Inspector,128500.0,3
Senior Construction Project Manager,140000.0,3
"Senior Consultant, Total Rewards",160500.0,4
Senior Copywriter,90000.0,3
Senior Corporate Accountant,93925.0,4
Senior Cost Accountant,92500.0,3
Senior Customer Success Manager,127000.0,3
Senior Data Analyst,130000.0,9
Senior Data Architect,165000.0,4
Senior Data Engineer,140400.0,13
Senior Data Scientist,165800.0,10
Senior Design Engineer,121600.0,3
Senior Designer,34902.4,5
Senior Devops Engineer,150500.0,6
"Senior Director, Transplant Software & Solutions – Strategic Business Segment",276987.5,4
Senior Dotnet Developer,163800.0,4
Senior Electrical Engineer,132600.0,14
Senior Enablement Lead,105000.0,4
Senior Estimator,132500.0,8
Senior Events Manager,83000.0,3
Senior Executive Assistant,93660.0,5
Senior Financial Analyst,104708.5,26
Senior Firmware Engineer,160000.0,3
Senior Front-End Engineer (Remote),145000.0,4
Senior Full Stack Engineer,142500.0,3
Senior Fund Accountant,116250.0,4
Senior Governance And Risk Analyst,100000.0,3
Senior Human Resources Generalist,82500.0,6
Senior Human Resources Manager,147500.0,4
Senior Infrastructure Engineer,138950.0,4
Senior Internal Auditor,102500.0,10
Senior Java Developer,156000.0,3
Senior Java Software Engineer,133000.0,3
Senior Legal Counsel,170000.0,3
Senior Litigation Associate,163750.0,6
Senior Litigation Paralegal,115000.0,4
Senior Machine Learning Engineer,181075.0,4
Senior Maintenance Technician,67600.0,3
Senior Management Consultant,160000.0,3
"Senior Manager, Accounting",157500.0,3
"Senior Manager, Dsp Inventory Partnerships",135000.0,3
Senior Manufacturing Engineer,125800.0,3
Senior Mechanical Engineer,144708.0,10
"Senior Medical Director, Clinical Um Operations",295456.0,4
Senior Network Engineer,113250.0,5
Senior Payroll Specialist,80000.0,3
Senior Power System Study Engineer,150000.0,4
"Senior Power Systems  Engineer, Generation Interconnection",130000.0,3
Senior Privacy Counsel,193100.0,3
Senior Process Development Engineer,125000.0,3
Senior Product Designer,160000.0,9
Senior Product Development Engineer,125000.0,3
Senior Product Manager,165000.0,13
Senior Product Manager - Remote,159300.0,3
Senior Product Manager | Location Platform (Campaign Applications),164125.0,4
"Senior Product Manager, Cross Tv Experience, Global Streaming",170000.0,3
Senior Product Marketing Manager,140000.0,3
Senior Program Manager,142500.0,5
"Senior Programmer Analyst, Insight Analytics",76250.0,3
Senior Project Engineer,108000.0,10
Senior Project Manager,140400.0,31
"Senior Project Manager, Solar Independent Engineering",137500.0,4
Senior Property Accountant,90000.0,9
Senior Qa Engineer,132000.0,4
Senior Quality Engineer,106690.0,6
Senior Retail Sales Associate,31616.0,5
Senior Revenue Accountant,110000.0,3
Senior Sales Manager,81000.0,3
Senior Salesforce Developer,96123.75,4
Senior Scientist,93600.0,3
Senior Security Engineer,150000.0,5
Senior Servicenow Developer,135000.0,5
Senior Site Reliability Engineer,166480.0,10
Senior Software Developer,163625.0,4
Senior Software Engineer,154132.0,57
Senior Software Engineer - Backend,195250.0,3
Senior Solar Project Manager - Community Solar! (Remote - Il Or Mo Based 30% Travel),140000.0,4
Senior Solutions Architect,180000.0,3
Senior Staff Accountant,79520.0,14
Senior Staff Software Engineer,125000.0,3
Senior System Administrator,104600.0,4
Senior Systems Administrator,124800.0,3
Senior Systems Engineer,141040.0,6
Senior Tax Accountant,100000.0,10
Senior Tax Analyst,106250.0,3
Senior Tax And Estate Planner,155000.0,3
Senior Tax Associate,91250.0,12
Senior Tax Manager,155500.0,10
Senior Technical Recruiter,92500.0,3
Senior Technical Writer,127920.0,3
Senior Underwriter - Builder'S Risk,110000.0,3
Senior Wind Turbine Blade Engineer,137500.0,4
Seo Analyst,55000.0,4
Server,41600.0,7
Service Coordinator,62450.0,6
Service Desk Technician,48880.0,4
Service Manager,102500.0,5
Service Supervisor,80961.5,4
Service Technician,62400.0,27
Service Technician (Denver Metro Area),71801.59999999999,3
Sharepoint Developer,129900.0,4
Shift Manager,46280.0,3
Shift Supervisor,45760.0,5
Shift Supervisor Trainee,35880.0,6
Shipment Analyst,57200.0,4
Shipper / Receiver I,45600.0,3
Shipping And Receiving Specialist,54080.0,4
Sign Painter,41600.0,3
Site Manager,62000.0,6
Site Reliability Engineer,145600.0,10
Sleep Expert - Sales,73000.0,14
Small Parts Machining,42993.600000000006,3
Social Media Coordinator,52000.0,5
Social Media Manager,72800.0,9
Social Media Marketing Specialist,55000.0,3
Social Worker,54080.0,9
Software Developer,130750.0,6
Software Development Engineer,163900.0,3
Software Development Engineer 4,145600.0,3
Software Engineer,139360.0,61
Software Engineer Ii,140000.0,3
Software Engineer Iii,110240.0,3
Software Engineer Intern,44657.6,5
"Software Quality Assurance Engineer, Officer",83750.0,3
Software Support Specialist,51000.0,4
Solutions Architect,152350.0,6
Solutions Architect/Project Manager,92700.0,3
Solutions Engineer,126250.0,8
Sous Chef,77500.0,5
Special Education Teacher,72933.5,8
Specialist Sales Exec S1 Fiber,52450.0,3
Speech Language Pathologist,95342.0,20
Speech Language Pathologist (Slp),104000.0,3
Sports Minded Sales Representative,56000.0,3
Sql Dba - Remote,85000.0,3
Sql Developer,112320.0,3
Sr Director - Consulting & Analytics - Nationals Segment,237275.0,3
Sr Product Manager,142900.0,3
"Sr Product Sales Specialist, Qpcr",120612.5,4
Sr Sales Development Representative (Cryo-Em Life Sciences)(West Coast),139400.0,4
Sr. Accountant,91520.0,11
Sr. Bie: Multi Locations - Us,153550.0,3
Sr. Data Engineer,120000.0,4
Sr. Director Of Channel Partnerships,188000.0,3
Sr. Finance Manager,162975.0,3
Sr. Financial Analyst,98800.0,3
Sr. Lead Information Security Analyst,185200.0,3
Sr. Process Engineer,150000.0,5
Sr. Product Marketing Manager,147583.0,5
Sr. Product Success Manager (For Product Managers Who Want To Guide Other Product Teams),135000.0,3
Sr. Project Manager,112500.0,3
"Sr. Safety Support Engineer, Robotics Safety Engineering",142500.0,3
Sr. Software Engineer,119937.5,3
Staff Accountant,67500.0,109
Staff Back End Engineer - Res & Guest,160000.0,4
Staff Nurse I/Ii,119288.0,4
Staff Physician,242500.0,5
Staff Psychologist,133938.0,4
Staff Services Analyst,57336.0,4
Staff Software Engineer,210550.0,7
Stock Associate,39041.6,6
Storage Engineer,128960.0,3
Store Associate,32240.0,8
Store Customer Service Specialist,35360.0,7
Store Lead,43721.600000000006,3
Store Loss Prevention Investigator,52124.8,3
Store Manager,70000.0,36
Store Manager - Spirit,42640.0,6
Store Sales Manager,79500.0,4
Storeroom Attendant,36920.0,3
Strategic Account Executive,308000.0,3
Strength And Conditioning Coach,63900.0,3
Structural Design Engineer,100000.0,4
Structural Engineer,110000.0,14
Student Nurse (Intern),47179392.0,4
Substation Design Engineer,130000.0,3
Substitute - Program Aide - Base,32489.6,3
Summer Intern,38680720.0,6
Superintendent,128750.0,10
Supervisor,47920.0,10
Supervisor Retail,52500.0,6
Supplier Quality Engineer,92500.0,5
Supply Chain Analyst,70000.0,7
Supply Chain Engineer,82500.0,3
Supply Chain Intern,44720.0,3
Supply Chain Manager,121250.0,4
Supply Chain Master Scheduler,70500.0,3
Supply Chain Planner,80000.0,3
Supply Chain Specialist,70720.0,3
Surgical Technician,60912.8,4
Surgical Technologist,57855.2,3
Sustainable Design Architect,81000.0,3
System Administrator,86600.0,12
System Administrator 3-It,103199.2,3
System Engineer,95650.0,12
Systems Administrator,93600.0,11
Systems Engineer,114062.5,9
Taco Bell Cashier,26499.2,3
Talent Acquisition Manager,115000.0,3
Talent Acquisition Specialist,70360.0,8
Task Associate,38480.0,7
Tasker,41600.0,3
Tax / Senior Tax / Manager Specialist (Salt),135200.0,3
Tax Accountant,87500.0,9
Tax Analyst,75000.0,9
Tax Associate,70000.0,3
Tax Compliance Manager,160000.0,3
Tax Director,212500.0,5
Tax Manager,137500.0,39
Teacher,40560.0,4
Team Lead,43680.0,5
Team Leader- Data Strategy,153797.5,3
Team Member,35412.0,15
Team Member (Full Time & Part Time Storewide Opportunities),44356.0,4
Technical Account Manager,92500.0,7
Technical Analyst,90000.0,3
Technical Designer,71400.0,4
Technical Manager,131250.0,4
Technical Product Manager,150800.0,5
Technical Product Owner,120000.0,3
Technical Program Manager,171600.0,5
Technical Project Manager,115000.0,13
Technical Recruiter,57500.0,5
Technical Sales Engineer,77500.0,3
Technical Sales Specialist - Hplc,113487.5,3
Technical Support Specialist,56160.0,26
Technical Writer,86250.0,14
Teller,35360.0,10
Temporary Sales Associate- Tommy Hilfiger,38168.0,5
Termite Technician,40000.0,3
Territory Account Manager,56050.0,4
Territory Manager,80000.0,9
Territory Sales Manager,87500.0,11
Territory Sales Representative,90000.0,4
Test Development Project Manager,63500.0,4
Test Engineer,101250.0,8
Test Engineer - Mainframe,75650.0,3
Test Technician,65000.0,3
Therapist,72800.0,3
Trade Controls Specialist,81900.0,3
Training And Development Specialist,96200.0,4
Training Specialist,107390.0,4
Transmission Engineer,130000.0,3
Transportation Dispatcher,43250.0,3
Transportation Engineer,130000.0,3
Transportation Manager,76000.0,5
Transportation Specialist,89440.0,3
Travel Allied Health Professional - Ct Technologist,112060.0,3
Travel Rn - Case Management,129090.0,4
Travel Rn - Ed - Emergency Department,116844.0,7
Travel Rn - Icu - Intensive Care Unit,102024.0,7
Travel Rn - Labor And Delivery,111562.62,3
Travel Rn - Med Surg,102960.0,32
Travel Rn - Med Surg / Telemetry,102084.32,9
Travel Rn - Pcu - Progressive Care Unit,110864.0,8
Travel Rn - Telemetry,104052.0,16
Travel Therapy - Occupational Therapist,111985.64,4
Travel Therapy - Physical Therapist,102856.0,9
Treasury Analyst,53040.0,3
Treasury Manager,130000.0,4
Treatment Coordinator,41600.0,5
Trial Attorney,162500.0,7
Truck Driver,57200.0,3
Truck Driver - Cdl Class A - Penske Logistics,65000.0,3
Truck Driver - Local Class A - Penske Logistics,69888.0,8
Truck Driver - Local Class B Hazmat - Penske Logistics,64130.0,4
Truss Designer,75000.0,3
Ui/Ux Designer,115000.0,3
Ultrasound Technician,146640.0,3
User Experience Designer,101400.0,10
User Experience Researcher,121975.0,4
Ux Designer,117500.0,5
Ux Researcher,121825.6,5
Valet,36504.0,8
Validation Engineer,99840.0,7
Veterinarian,142500.0,8
Veterinary Assistant,35100.0,14
Veterinary Assistant Li,35360.0,3
Veterinary Receptionist,35360.0,3
Veterinary Technician,41860.0,4
Veterinary Technician I,42120.0,6
Vice President Finance,225000.0,8
Vice President Human Resources,176250.0,4
Vice President Of Business Development,181250.0,4
Vice President Of Sales,183750.0,6
Vice President Operations,72500.0,3
"Vice President, Safety",282500.0,3
Video Editor,93600.0,5
Virtual Assistant,72800.0,3
Visual Designer,106580.0,6
Visual Keyholder,34725.6,3
Vp Of Talent Management,200000.0,3
"Vp, Hr Business Partners & Organizational Effectiveness (Us)",216500.0,4
Vset Engineer In Charge,107500.0,3
Warehouse Associate,40560.0,38
Warehouse Associate - Nights,41080.0,3
Warehouse Clerk,35360.0,3
Warehouse Coordinator,45760.0,3
Warehouse Fulfillment Specialist Part Time,31200.0,3
Warehouse Lead,45760.0,6
Warehouse Manager,73807.0,8
Warehouse Material Handler,39520.0,3
Warehouse Operator,49400.0,8
Warehouse Order Selector,52000.0,7
Warehouse Part Time Overnight,36764.0,3
Warehouse Specialist,43680.0,6
Warehouse Supervisor,75920.0,9
Warehouse Technician,45760.0,3
Warehouse Worker,39520.0,12
Warehouse Worker - Full Time Shifts,40107.600000000006,4
Wealth Management Advisor,112500.0,3
Web Developer,112500.0,6
Welder,56160.0,7
Welder Sign Fabricator,46800.0,3
Wendy'S Team Member,27508.0,3
Work From Home Client Relations Representative,302500.0,3
Workers' Compensation Associate Attorney,145000.0,3
Xfinity Retail Sales Consultant,37440.0,3
Yard Associate - Bilingual Preferred (English/Spanish),39520.0,3
Yard Spotter / Cdl A Driver,43680.0,4
Youth Specialist,31200.0,3
